K,H,W,C,R,TK,TH,TW,BK,BH,BW,CMult,Time
1024,810,810,512,1,1,1,18,32,1,1,1,373.023438
1024,810,810,512,1,1,1,27,32,1,1,1,273.657715
1024,810,810,512,1,1,1,30,32,1,1,1,212.061188
1024,810,810,512,1,1,2,9,32,1,1,1,570.955994
1024,810,810,512,1,1,2,10,32,1,1,1,498.936279
1024,810,810,512,1,1,2,15,32,1,1,1,320.853058
1024,810,810,512,1,1,2,18,32,1,1,1,339.682678
1024,810,810,512,1,1,2,27,32,1,1,1,355.293030
1024,810,810,512,1,1,2,30,32,1,1,1,334.364288
